title,page,composer,composer_dates
And Can It Be? (Amazing Love),2,arr. Melody Bober,b. 1955
It’s Just Like His Great Love,8,arr. Melody Bober,b. 1955
Jesus Loves Even Me,12,arr. Melody Bober,b. 1955
Jesus Loves Me,15,arr. Melody Bober,b. 1955
Love Lifted Me,18,arr. Melody Bober,b. 1955
O Love That Will Not Let Me Go,22,arr. Melody Bober,b. 1955
"More Love to Thee/My Jesus, I Love Thee",26,arr. Melody Bober,b. 1955
My Savior’s Love,30,arr. Melody Bober,b. 1955
"O the Deep, Deep Love of Jesus",33,arr. Melody Bober,b. 1955
What Wondrous Love Is This?,36,arr. Melody Bober,b. 1955
